{"cameraMode":{"drawMode":0,"name":"Shaded","section":"Shading Mode"},"sceneLighting":false,"audioPlay":false,"sceneViewState":{"m_AlwaysRefresh":false,"showFog":true,"showSkybox":false,"showFlares":true,"showImageEffects":true,"showParticleSystems":true,"showVisualEffectGraphs":true,"m_FxEnabled":true},"in2DMode":false,"pivot":{"x":-22.530000686645509,"y":1.3977141380310059,"z":12.519976615905762},"rotation":{"x":0.10681523382663727,"y":0.8895830512046814,"z":-0.2687584161758423,"w":0.35355478525161745},"size":1.9404096603393555,"orthographic":false}