{"cameraMode":{"drawMode":0,"name":"Shaded","section":"Shading Mode"},"sceneLighting":false,"audioPlay":false,"sceneViewState":{"m_AlwaysRefresh":false,"showFog":true,"showSkybox":false,"showFlares":true,"showImageEffects":true,"showParticleSystems":true,"showVisualEffectGraphs":true,"m_FxEnabled":true},"in2DMode":false,"pivot":{"x":2.7554876804351808,"y":0.10318546742200852,"z":-0.3733878433704376},"rotation":{"x":0.12683027982711793,"y":0.7273120880126953,"z":-0.1398002952337265,"w":0.6598421335220337},"size":3.4807980060577394,"orthographic":true}