{"cameraMode":{"drawMode":0,"name":"Shaded","section":"Shading Mode"},"sceneLighting":false,"audioPlay":false,"sceneViewState":{"m_AlwaysRefresh":false,"showFog":true,"showSkybox":false,"showFlares":true,"showImageEffects":true,"showParticleSystems":true,"showVisualEffectGraphs":true,"m_FxEnabled":true},"in2DMode":false,"pivot":{"x":2.8132967948913576,"y":0.7603826522827148,"z":-0.1475663185119629},"rotation":{"x":-0.42364752292633059,"y":-0.00302140018902719,"z":0.0012669969582930208,"w":-0.9059956073760986},"size":3.735915184020996,"orthographic":false}