{"cameraMode":{"drawMode":0,"name":"Shaded","section":"Shading Mode"},"sceneLighting":false,"audioPlay":false,"sceneViewState":{"m_AlwaysRefresh":false,"showFog":true,"showSkybox":false,"showFlares":true,"showImageEffects":true,"showParticleSystems":true,"showVisualEffectGraphs":true,"m_FxEnabled":true},"in2DMode":false,"pivot":{"x":2.7554876804351808,"y":0.10318546742200852,"z":-0.3733878433704376},"rotation":{"x":0.024934621527791024,"y":0.7092052698135376,"z":-0.025115124881267549,"w":0.7041158080101013},"size":2.821622848510742,"orthographic":true}