{"cameraMode":{"drawMode":0,"name":"Shaded","section":"Shading Mode"},"sceneLighting":true,"audioPlay":false,"sceneViewState":{"m_AlwaysRefresh":false,"showFog":true,"showSkybox":true,"showFlares":true,"showImageEffects":true,"showParticleSystems":true,"showVisualEffectGraphs":true,"m_FxEnabled":true},"in2DMode":false,"pivot":{"x":4.530238151550293,"y":-2.317718029022217,"z":-7.092802047729492},"rotation":{"x":0.0028748216573148968,"y":-0.7027134299278259,"z":-0.009313458576798439,"w":0.7125049829483032},"size":1.8135838508605958,"orthographic":true}