{"cameraMode":{"drawMode":0,"name":"Shaded","section":"Shading Mode"},"sceneLighting":true,"audioPlay":false,"sceneViewState":{"m_AlwaysRefresh":false,"showFog":true,"showSkybox":true,"showFlares":true,"showImageEffects":true,"showParticleSystems":true,"showVisualEffectGraphs":true,"m_FxEnabled":true},"in2DMode":false,"pivot":{"x":1.1495182514190674,"y":7.77155876159668,"z":-9.222021102905274},"rotation":{"x":0.013178551569581032,"y":-0.9866484999656677,"z":0.13252413272857667,"w":0.09973610937595368},"size":12.891278266906739,"orthographic":false}