{"cameraMode":{"drawMode":0,"name":"Shaded","section":"Shading Mode"},"sceneLighting":true,"audioPlay":false,"sceneViewState":{"m_AlwaysRefresh":false,"showFog":true,"showSkybox":true,"showFlares":true,"showImageEffects":true,"showParticleSystems":true,"showVisualEffectGraphs":true,"m_FxEnabled":true},"in2DMode":false,"pivot":{"x":4.610000133514404,"y":-2.7799999713897707,"z":-7.260000228881836},"rotation":{"x":-0.05107344314455986,"y":0.014490588568150998,"z":0.003765153931453824,"w":-0.9992625117301941},"size":0.8660253882408142,"orthographic":false}