{"cameraMode":{"drawMode":0,"name":"Shaded","section":"Shading Mode"},"sceneLighting":true,"audioPlay":false,"sceneViewState":{"m_AlwaysRefresh":false,"showFog":true,"showSkybox":true,"showFlares":true,"showImageEffects":true,"showParticleSystems":true,"showVisualEffectGraphs":true,"m_FxEnabled":true},"in2DMode":false,"pivot":{"x":6.075595378875732,"y":3.361354351043701,"z":-7.06344747543335},"rotation":{"x":0.7058253884315491,"y":-0.0010355011327192188,"z":-0.004857359454035759,"w":0.7092374563217163},"size":2.883875846862793,"orthographic":true}