{"cameraMode":{"drawMode":1,"name":"Wireframe","section":"Shading Mode"},"sceneLighting":true,"audioPlay":false,"sceneViewState":{"m_AlwaysRefresh":false,"showFog":true,"showSkybox":true,"showFlares":true,"showImageEffects":true,"showParticleSystems":true,"showVisualEffectGraphs":true,"m_FxEnabled":true},"in2DMode":false,"pivot":{"x":4.610296726226807,"y":-18.857995986938478,"z":-7.194470405578613},"rotation":{"x":-0.12879975140094758,"y":0.04179483279585838,"z":-0.0008538871770724654,"w":-0.9914363026618958},"size":3.2358925342559816,"orthographic":true}