{"cameraMode":{"drawMode":1,"name":"Wireframe","section":"Shading Mode"},"sceneLighting":true,"audioPlay":false,"sceneViewState":{"m_AlwaysRefresh":false,"showFog":true,"showSkybox":true,"showFlares":true,"showImageEffects":true,"showParticleSystems":true,"showVisualEffectGraphs":true,"m_FxEnabled":true},"in2DMode":false,"pivot":{"x":4.179701328277588,"y":0.9179203510284424,"z":-7.901666164398193},"rotation":{"x":0.00450449762865901,"y":-0.0004780998860951513,"z":0.004529420752078295,"w":-1.00062096118927},"size":2.0455117225646974,"orthographic":true}