{"cameraMode":{"drawMode":0,"name":"Shaded","section":"Shading Mode"},"sceneLighting":true,"audioPlay":false,"sceneViewState":{"m_AlwaysRefresh":false,"showFog":true,"showSkybox":true,"showFlares":true,"showImageEffects":true,"showParticleSystems":true,"showVisualEffectGraphs":true,"m_FxEnabled":true},"in2DMode":false,"pivot":{"x":-3.5602643489837648,"y":-13.9426908493042,"z":-20.404937744140626},"rotation":{"x":-0.05106643587350845,"y":0.012986074201762677,"z":0.0037767337635159494,"w":-0.999280571937561},"size":11.119990348815918,"orthographic":false}