{"cameraMode":{"drawMode":0,"name":"Shaded","section":"Shading Mode"},"sceneLighting":true,"audioPlay":false,"sceneViewState":{"m_AlwaysRefresh":false,"showFog":true,"showSkybox":true,"showFlares":true,"showImageEffects":true,"showParticleSystems":true,"showVisualEffectGraphs":true,"m_FxEnabled":true},"in2DMode":false,"pivot":{"x":4.969031810760498,"y":-2.2423319816589357,"z":-7.325286865234375},"rotation":{"x":0.033528126776218417,"y":-0.967792809009552,"z":0.10444243252277374,"w":0.23002049326896668},"size":2.2600553035736086,"orthographic":true}